row_id,category,reasons,strict_key_hash,relaxed_key_hash,near_family_hash
1,other,near_template_mixed_answers,346e237916e0618c,346e237916e0618c,27e916f37c0d27c3
3,translation,category_edge_sample,eadc3dbafaef4ab2,eadc3dbafaef4ab2,eadc3dbafaef4ab2
6,arithmetic/fractions,near_template_mixed_answers,15a843c68da44ba9,15a843c68da44ba9,374d8bc0ae7c3e49
7,arithmetic/fractions,near_template_mixed_answers,e288fe959e519ed1,e288fe959e519ed1,374d8bc0ae7c3e49
8,other,near_template_mixed_answers,73ef1c5679db37c4,73ef1c5679db37c4,3826b457c117aa9e
10,other,near_template_mixed_answers,0ce1bd09d88fbaf3,0ce1bd09d88fbaf3,ae4df25123852896
17,other,near_template_mixed_answers,c07c41279831d53f,c07c41279831d53f,17b6f6d0536adc16
18,other,near_template_mixed_answers,7d3cc87a959246a3,7d3cc87a959246a3,4b069d523c43fe6e
22,other,near_template_mixed_answers,e8c7064053358fae,e8c7064053358fae,247d6ec98c02f6b7
37,other,near_template_mixed_answers,fdee26e0f0e15405,fdee26e0f0e15405,2a0c8e31d396e935
44,other,near_template_mixed_answers,7c7e1c513044a560,7c7e1c513044a560,4eab343289855f61
47,other,near_template_mixed_answers,7a0bad81879dcb07,7a0bad81879dcb07,3fc98f4651ad90cc
55,other,near_template_mixed_answers,5da4b5fbc1a3940a,5da4b5fbc1a3940a,31c7916a65c0ffa7
57,arithmetic/fractions,near_template_mixed_answers,cacb08329217c678,cacb08329217c678,02400cb25e924e1a
61,Russian morphology,near_template_mixed_answers,3baff7a6d9e15617,3baff7a6d9e15617,867ca0c3902c6a64
65,other,near_template_mixed_answers,8cda40f158ce24f4,8cda40f158ce24f4,321874d5bb6ce6c9
70,other,near_template_mixed_answers,238e88cf3d4ed648,238e88cf3d4ed648,17b6f6d0536adc16
72,arithmetic/fractions,near_template_mixed_answers,a95b07cdc54b6cea,a95b07cdc54b6cea,2fe215ff26683959
73,Russian morphology,near_template_mixed_answers,cb6505622b44482e,cb6505622b44482e,dc40a1988570fdc1
74,arithmetic/fractions,near_template_mixed_answers,ae9e493f033b56c9,ae9e493f033b56c9,1527ab1a401a6f7b
79,arithmetic/fractions,near_template_mixed_answers,950e224be093a439,950e224be093a439,ac89219fc4e43511
80,Russian grammar,near_template_mixed_answers,f4e98149dfa3459e,f4e98149dfa3459e,1861d0f2bba6618e
91,arithmetic/fractions,near_template_mixed_answers,3d9a21be96336c85,3d9a21be96336c85,ef26e03c9a3da58e
108,Russian morphology,near_template_mixed_answers,4048bb4cbf062e07,4048bb4cbf062e07,7939ef0ea1263403
116,Russian grammar,near_template_mixed_answers,42453f01aa32a5cc,42453f01aa32a5cc,1861d0f2bba6618e
130,Russian morphology,near_template_mixed_answers,3e1f695a078ec586,3e1f695a078ec586,867ca0c3902c6a64
131,arithmetic/fractions,near_template_mixed_answers,753fc5a8513efe83,753fc5a8513efe83,374d8bc0ae7c3e49
165,algebra/equations,category_edge_sample,350dced36edcec50,350dced36edcec50,350dced36edcec50
168,arithmetic/fractions,category_edge_sample|near_template_mixed_answers,0559d9863a5ebb9b,0559d9863a5ebb9b,374d8bc0ae7c3e49
193,other,near_template_mixed_answers,f7e1cbe26e5df3c3,f7e1cbe26e5df3c3,3fc98f4651ad90cc
220,word problems,near_template_mixed_answers,ae742f32cceaef1e,ae742f32cceaef1e,0f8dc36acda341c7
227,other,near_template_mixed_answers,50d0d4dcb3bb71a7,50d0d4dcb3bb71a7,4eab343289855f61
232,Russian grammar,near_template_mixed_answers,a24cd5f84ee41802,a24cd5f84ee41802,600c7507df19aa90
272,Russian morphology,near_template_mixed_answers,cd9e42e257f97ccc,cd9e42e257f97ccc,dc40a1988570fdc1
274,other,near_template_mixed_answers,0404dc09bcc6d454,b9be1265f9574a5c,b4f0f37c206c24ef
275,other,category_edge_sample,6ee113a661b29993,6ee113a661b29993,6ee113a661b29993
283,other,near_template_mixed_answers,5e4cb9b4135755ea,1b533595d9fa4a9a,321874d5bb6ce6c9
312,other,near_template_mixed_answers,5faac4082980aeb0,5faac4082980aeb0,fc2d188f61822925
316,other,near_template_mixed_answers,8ade23227aa13b8e,8ade23227aa13b8e,321874d5bb6ce6c9
323,Russian morphology,near_template_mixed_answers,d97a47519b0330a0,d97a47519b0330a0,dc40a1988570fdc1
356,other,near_template_mixed_answers,04762ab6c8c6f4c2,04762ab6c8c6f4c2,321874d5bb6ce6c9
387,other,near_template_mixed_answers,fd623c02827ab083,fd623c02827ab083,7820b60ef05a72e2
400,literature/essay,near_template_mixed_answers,4e7f35b3b79348f7,4e7f35b3b79348f7,9ff84d9d5b9d1d80
478,other,near_template_mixed_answers,462603791d4fbbc7,462603791d4fbbc7,4eab343289855f61
490,other,near_template_mixed_answers,83365875187bc1fd,83365875187bc1fd,b4f0f37c206c24ef
516,Russian morphology,near_template_mixed_answers,9a1a7efab86e1edc,9a1a7efab86e1edc,867ca0c3902c6a64
521,other,near_template_mixed_answers,3033247eda4234bf,3033247eda4234bf,b4f0f37c206c24ef
525,other,near_template_mixed_answers,c87d34ba44900070,c87d34ba44900070,bed1ae82894e7163
534,algebra/equations,category_edge_sample,453cb5c2d7f99f1d,453cb5c2d7f99f1d,453cb5c2d7f99f1d
536,other,near_template_mixed_answers,f463463dbf0a65b0,f463463dbf0a65b0,2a0c8e31d396e935
544,other,near_template_mixed_answers,38fe5e4b55790cd5,38fe5e4b55790cd5,34e29e3d2574d8ce
549,other,near_template_mixed_answers,c3bad3022d8b101c,c3bad3022d8b101c,450712c07bf5f23b
553,Russian morphology,category_edge_sample,a99b6c2648244083,a21d18c70774558a,a99b6c2648244083
601,arithmetic/fractions,near_template_mixed_answers,b518bb389061cc4f,b518bb389061cc4f,8b82a5d42118d400
608,chemistry balancing,category_edge_sample,2bbd3e7606a3f921,2bbd3e7606a3f921,2bbd3e7606a3f921
632,Russian morphology,near_template_mixed_answers,49cbd59889592412,49cbd59889592412,39468c00cf015ab5
645,other,near_template_mixed_answers,dd27dc6ff4154e70,dd27dc6ff4154e70,b4f0f37c206c24ef
668,Russian grammar,near_template_mixed_answers,99c10ad00b0f181a,99c10ad00b0f181a,49e4aac2aa5686dc
696,other,near_template_mixed_answers,33bd4400b6247a98,33bd4400b6247a98,439202e46575a58c
712,literature/essay,near_template_mixed_answers,47651f6acbd56054,47651f6acbd56054,8317800c828f02e3
720,arithmetic/fractions,near_template_mixed_answers,5e43fa95b7dcd5e5,5e43fa95b7dcd5e5,ac89219fc4e43511
723,other,near_template_mixed_answers,95e73b132c1ef48b,95e73b132c1ef48b,2b795464fc03183e
729,Russian morphology,near_template_mixed_answers,8dfb30ade5cb39ae,8dfb30ade5cb39ae,867ca0c3902c6a64
736,Russian morphology,near_template_mixed_answers,c0f54af639e70bad,c0f54af639e70bad,96ce20c7ac9d30bd
761,other,near_template_mixed_answers,2ae6dad86d0925f4,2ae6dad86d0925f4,13d0dd2b8fe1ded2
765,other,near_template_mixed_answers,0a91ca21ab8fdfeb,0a91ca21ab8fdfeb,b6736b78e18f9af4
777,Russian grammar,near_template_mixed_answers,ac15174ccd1a9cba,ac15174ccd1a9cba,0e26f3e3a5a5dc8d
781,arithmetic/fractions,near_template_mixed_answers,e31d98b1f4148f5b,e31d98b1f4148f5b,4d1945168fed6752
801,Russian morphology,near_template_mixed_answers,4c119db38a9e1c25,4c119db38a9e1c25,39468c00cf015ab5
842,algebra/equations,category_edge_sample,9208b1875eb8f659,9208b1875eb8f659,9208b1875eb8f659
853,Russian morphology,near_template_mixed_answers,ef2e94d06a9ff59c,ef2e94d06a9ff59c,867ca0c3902c6a64
871,other,near_template_mixed_answers,e1c01c87852f793b,e1c01c87852f793b,2a0c8e31d396e935
906,arithmetic/fractions,category_edge_sample,c7381d1fa1fb5b0c,c7381d1fa1fb5b0c,c7381d1fa1fb5b0c
923,arithmetic/fractions,near_template_mixed_answers,a22124a05bfc34b9,a22124a05bfc34b9,780f1533c5323631
926,literature/essay,near_template_mixed_answers,eee9b5a48db63ab6,eee9b5a48db63ab6,9ff84d9d5b9d1d80
936,other,near_template_mixed_answers,a3d94b9d980068d6,a3d94b9d980068d6,2a0c8e31d396e935
945,geometry,near_template_mixed_answers,1e7e0eeb1b9462d8,458dd03f6768eb0e,b6956d5b15168d49
960,Russian grammar,near_template_mixed_answers,8888f2cd299deed7,8888f2cd299deed7,d47c185ee959a13d
969,word problems,near_template_mixed_answers,dee9f301a0daa13f,dee9f301a0daa13f,83433d2ef6040abb
1001,chemistry balancing,category_edge_sample,b65e6307749b7eb3,b65e6307749b7eb3,b65e6307749b7eb3
1005,arithmetic/fractions,near_template_mixed_answers,3ef6ca6328910c05,3ef6ca6328910c05,374d8bc0ae7c3e49
1015,literature/essay,near_template_mixed_answers,38a38b54be71aeb5,38a38b54be71aeb5,a8e6322aa43a0a43
1016,literature/essay,near_template_mixed_answers,ebbfc7b30a9129b3,ebbfc7b30a9129b3,9ff84d9d5b9d1d80
1021,literature/essay,category_edge_sample,8c905f6e0b4e4f44,8c905f6e0b4e4f44,8c905f6e0b4e4f44
1029,other,near_template_mixed_answers,139c94a21187b84c,139c94a21187b84c,3fc98f4651ad90cc
1033,Russian morphology,near_template_mixed_answers,d8bcd92485c8651d,d8bcd92485c8651d,39468c00cf015ab5
1035,Russian grammar,near_template_mixed_answers,8e565b865198ed38,8e565b865198ed38,3922d7616913443b
1058,literature/essay,near_template_mixed_answers,4e28de8245635503,4e28de8245635503,014123ee6b6ab03b
1066,arithmetic/fractions,near_template_mixed_answers,6423242ca2853d97,6423242ca2853d97,374d8bc0ae7c3e49
1075,word problems,near_template_mixed_answers,b65bbba1b5e187b2,b65bbba1b5e187b2,6aaa9b2fb9b44995
1078,other,near_template_mixed_answers,aafa685e28f680f0,17f9c51b3cf07c27,3fc98f4651ad90cc
1086,English grammar,category_edge_sample,326d66a04e92bba6,326d66a04e92bba6,326d66a04e92bba6
1124,other,near_template_mixed_answers,7af00cce6e6f19ff,7af00cce6e6f19ff,b6736b78e18f9af4
1134,Russian grammar,near_template_mixed_answers,7c2ad042e1d46c7c,7c2ad042e1d46c7c,95bb09d9a305ad86
1138,other,near_template_mixed_answers,19b3dfaef40f8643,19b3dfaef40f8643,321874d5bb6ce6c9
1151,Russian grammar,near_template_mixed_answers,935c79b30abc5530,935c79b30abc5530,0e26f3e3a5a5dc8d
1154,Russian morphology,near_template_mixed_answers,e523cb31350cabf1,e523cb31350cabf1,dc40a1988570fdc1
1183,arithmetic/fractions,near_template_mixed_answers,54ea42419cde31d8,54ea42419cde31d8,99c28e6c96a75a87
1185,arithmetic/fractions,near_template_mixed_answers,c3992c0e5331d4ab,c3992c0e5331d4ab,8b82a5d42118d400
1186,arithmetic/fractions,near_template_mixed_answers,e779b4cffa69a440,e779b4cffa69a440,f88618fd0fc36de2
1192,other,near_template_mixed_answers,2a7bd304f7bfe613,2a7bd304f7bfe613,2a0c8e31d396e935
1195,Russian morphology,near_template_mixed_answers,77ffe723eb5adf45,77ffe723eb5adf45,867ca0c3902c6a64
1241,other,near_template_mixed_answers,73731efbf7e588e8,73731efbf7e588e8,b53580a92b42e2d6
1267,other,near_template_mixed_answers,8d06ade679f71556,8d06ade679f71556,3fc98f4651ad90cc
1293,arithmetic/fractions,near_template_mixed_answers,47004e2956430116,47004e2956430116,99c28e6c96a75a87
1329,other,near_template_mixed_answers,957820a059f9dad2,957820a059f9dad2,b4f0f37c206c24ef
1335,arithmetic/fractions,near_template_mixed_answers,761c050040a0adc0,761c050040a0adc0,0ac59b791decec5c
1363,word problems,near_template_mixed_answers,49f32ba52dde6b1f,49f32ba52dde6b1f,1498f582cb06419e
1410,other,near_template_mixed_answers,065fddf9c2bba5b0,065fddf9c2bba5b0,2a0c8e31d396e935
1414,arithmetic/fractions,near_template_mixed_answers,c103b66949180850,c103b66949180850,99c28e6c96a75a87
1419,English grammar,category_edge_sample,d92fa97141175d92,d92fa97141175d92,d92fa97141175d92
1426,arithmetic/fractions,near_template_mixed_answers,c46838f7bede7561,c46838f7bede7561,014123ee6b6ab03b
1437,arithmetic/fractions,near_template_mixed_answers,38ae7c1ef2a27d27,38ae7c1ef2a27d27,97ca11b1c9181ce3
1497,arithmetic/fractions,near_template_mixed_answers,97fdeb55b2745423,97fdeb55b2745423,40f0d3261af1fc06
1506,other,near_template_mixed_answers,ae71c03ffa7813e1,ae71c03ffa7813e1,321874d5bb6ce6c9
1512,other,near_template_mixed_answers,af6e9d7fa985d8ff,af6e9d7fa985d8ff,b4f0f37c206c24ef
1515,arithmetic/fractions,near_template_mixed_answers,ff02eb023a18a7bd,ff02eb023a18a7bd,cca595b41870ff87
1537,arithmetic/fractions,near_template_mixed_answers,696016f7ad18fd51,696016f7ad18fd51,13159c78bfafe864
1538,literature/essay,near_template_mixed_answers,dfba4fcd22c11c18,dfba4fcd22c11c18,9ff84d9d5b9d1d80
1547,Russian morphology,near_template_mixed_answers,fc99a062bbddb84a,fc99a062bbddb84a,66131ab1b6fb4ab5
1548,other,near_template_mixed_answers,e110d297604cf408,e110d297604cf408,dd3d44006f82ab9d
1552,other,near_template_mixed_answers,f43ad520b36166b4,f43ad520b36166b4,321874d5bb6ce6c9
1567,Russian grammar,near_template_mixed_answers,f85b28427aea044f,f85b28427aea044f,6374bb796fb8b175
1571,other,near_template_mixed_answers,5ad68d20e91f7894,5ad68d20e91f7894,bed1ae82894e7163
1578,other,near_template_mixed_answers,ff1adc57e7ae6c7a,ff1adc57e7ae6c7a,2a0c8e31d396e935
1585,arithmetic/fractions,near_template_mixed_answers,b29514148fb63cf7,b29514148fb63cf7,58c400d183900705
1587,other,near_template_mixed_answers,193ac1e6be8ed453,193ac1e6be8ed453,5e40d14df14379e4
1619,Russian morphology,near_template_mixed_answers,db22ccf9af96668c,db22ccf9af96668c,dc40a1988570fdc1
1628,other,near_template_mixed_answers,0ec304b793a80d87,0ec304b793a80d87,4eab343289855f61
1646,arithmetic/fractions,near_template_mixed_answers,9d26e4d62c7af13a,9d26e4d62c7af13a,8b82a5d42118d400
1647,other,near_template_mixed_answers,6b58a1b298e2e47a,6b58a1b298e2e47a,31c7916a65c0ffa7
1667,arithmetic/fractions,near_template_mixed_answers,bf4e057f62271002,bf4e057f62271002,ce9df15486eef47f
1671,Russian morphology,near_template_mixed_answers,49cc144ff13ea9e0,e33bd08012489e5b,dc40a1988570fdc1
1680,Russian grammar,near_template_mixed_answers,fbb9628090550d32,fbb9628090550d32,b980a65447bf69c3
1693,other,near_template_mixed_answers,6e8324990f105c54,6e8324990f105c54,46754727658d7e4a
1706,arithmetic/fractions,near_template_mixed_answers,d9b8c17286237230,d9b8c17286237230,8b91fca31d1202e8
1708,arithmetic/fractions,near_template_mixed_answers,c2cb620c5f543500,c2cb620c5f543500,8b82a5d42118d400
1710,Russian grammar,near_template_mixed_answers,a7c6c9519ec3cd49,a7c6c9519ec3cd49,4431a66711ff5f85
1716,arithmetic/fractions,near_template_mixed_answers,7c67d09280e19784,7c67d09280e19784,744fd87080294914
1730,other,near_template_mixed_answers,bb2e892fe0aade1e,bb2e892fe0aade1e,3fc98f4651ad90cc
1744,arithmetic/fractions,near_template_mixed_answers,70ba7b1fbbc3b10b,70ba7b1fbbc3b10b,5e342f4bd622e6a0
1764,arithmetic/fractions,near_template_mixed_answers,1a95866b173678d0,1a95866b173678d0,40f0d3261af1fc06
1770,other,near_template_mixed_answers,233485da17122703,233485da17122703,1bdb2654a18ca720
1772,literature/essay,near_template_mixed_answers,3215a4873ea4eb4b,4a5565e2ff5b4ac7,8317800c828f02e3
1775,arithmetic/fractions,near_template_mixed_answers,d8997077dabe70f0,d8997077dabe70f0,8b82a5d42118d400
1779,other,near_template_mixed_answers,b43e8e55ff13bae3,b43e8e55ff13bae3,b4f0f37c206c24ef
1814,arithmetic/fractions,near_template_mixed_answers,61e35b9ed22f663b,61e35b9ed22f663b,f88618fd0fc36de2
1862,Russian morphology,near_template_mixed_answers,7fab2b00b5d28f14,7fab2b00b5d28f14,96ce20c7ac9d30bd
1877,Russian grammar,category_edge_sample,3fc91bac56298569,3fc91bac56298569,3fc91bac56298569
1878,arithmetic/fractions,near_template_mixed_answers,83a3123c30826b96,83a3123c30826b96,977874eb99907979
1914,other,near_template_mixed_answers,b2d70152f7b89a11,b2d70152f7b89a11,3fc98f4651ad90cc
1919,Russian morphology,near_template_mixed_answers,0cef69d5eddc7881,0cef69d5eddc7881,867ca0c3902c6a64
1930,arithmetic/fractions,near_template_mixed_answers,60b64ec144b3b5da,60b64ec144b3b5da,4d1945168fed6752
1938,arithmetic/fractions,near_template_mixed_answers,2de710d886b21d6d,2de710d886b21d6d,1527ab1a401a6f7b
1939,Russian morphology,near_template_mixed_answers,fa7b3843ec8283b5,fa7b3843ec8283b5,96ce20c7ac9d30bd
1942,arithmetic/fractions,near_template_mixed_answers,21b70790f986d346,21b70790f986d346,1527ab1a401a6f7b
1961,arithmetic/fractions,near_template_mixed_answers,3d7b607a4562dd82,3d7b607a4562dd82,3826b457c117aa9e
1984,arithmetic/fractions,near_template_mixed_answers,39e5db33203e3718,39e5db33203e3718,b7c22fa821f02791
2016,Russian grammar,near_template_mixed_answers,1d8605f61881fb98,1d8605f61881fb98,91e524bda21019bd
2020,Russian grammar,near_template_mixed_answers,4eefcce0de5eb4f6,4eefcce0de5eb4f6,1861d0f2bba6618e
2030,other,near_template_mixed_answers,d1b799e79dc1327c,d1b799e79dc1327c,d4eddc1256226e97
2056,other,near_template_mixed_answers,c7d0c726dbdf9c27,c7d0c726dbdf9c27,5ce4bbf98f14f6fc
2075,arithmetic/fractions,near_template_mixed_answers,c3f8c823904d38b6,c3f8c823904d38b6,8b82a5d42118d400
2076,other,near_template_mixed_answers,3394878fb5aea8a3,3394878fb5aea8a3,321874d5bb6ce6c9
2092,other,category_edge_sample,d68b63b64501d06c,d68b63b64501d06c,d68b63b64501d06c
2125,Russian grammar,near_template_mixed_answers,f06025db27fa5c8a,f06025db27fa5c8a,95bb09d9a305ad86
2132,arithmetic/fractions,near_template_mixed_answers,78f7afa18d719cf5,78f7afa18d719cf5,79fea90f38dc70f9
2143,word problems,near_template_mixed_answers,7c6f10a11b49d88d,7c6f10a11b49d88d,3fc98f4651ad90cc
2171,other,near_template_mixed_answers,b96c98f384047141,b96c98f384047141,7c3a1d16841758fe
2205,arithmetic/fractions,near_template_mixed_answers,68079d13c310d1e1,68079d13c310d1e1,0ac59b791decec5c
2224,other,near_template_mixed_answers,926b587906aeab15,926b587906aeab15,bb4895707db1fc56
2226,arithmetic/fractions,near_template_mixed_answers,38599bd9cfa01272,38599bd9cfa01272,da046a83699c6ce9
2227,Russian morphology,category_edge_sample,250c4770c3eacda4,250c4770c3eacda4,250c4770c3eacda4
2230,Russian morphology,near_template_mixed_answers,fb06aeeef1dfba0c,fb06aeeef1dfba0c,dc40a1988570fdc1
2242,arithmetic/fractions,near_template_mixed_answers,8c25f800f8580926,8c25f800f8580926,374d8bc0ae7c3e49
2244,Russian morphology,near_template_mixed_answers,23900ea0f23ebf3c,23900ea0f23ebf3c,dc40a1988570fdc1
2258,arithmetic/fractions,near_template_mixed_answers,ed71e3471207a6f0,ed71e3471207a6f0,ef26e03c9a3da58e
2262,word problems,category_edge_sample,ab4d48556e9894c4,ab4d48556e9894c4,ab4d48556e9894c4
2263,Russian morphology,near_template_mixed_answers,3aeb2b290d5e0e26,3aeb2b290d5e0e26,39468c00cf015ab5
2268,arithmetic/fractions,near_template_mixed_answers,9c2dd251fc6478fb,9c2dd251fc6478fb,2fe215ff26683959
2269,other,near_template_mixed_answers,39ce695974427db9,39ce695974427db9,1bdb2654a18ca720
2283,Russian morphology,near_template_mixed_answers,e8cc82d810ca4e17,e8cc82d810ca4e17,66131ab1b6fb4ab5
2340,arithmetic/fractions,category_edge_sample,894467fc2c71e205,894467fc2c71e205,894467fc2c71e205
2349,other,near_template_mixed_answers,e775670147627ea8,e775670147627ea8,badaf807c0ba820b
2352,arithmetic/fractions,near_template_mixed_answers,bed574ed07a5f360,bed574ed07a5f360,90affafafcc92edc
2392,Russian grammar,near_template_mixed_answers,48844b7585ff1231,48844b7585ff1231,1861d0f2bba6618e
2407,chemistry balancing,category_edge_sample,4cc79c93b5994792,4cc79c93b5994792,4cc79c93b5994792
2451,Russian morphology,category_edge_sample,5e7a58b0dc3a2a25,5e7a58b0dc3a2a25,5e7a58b0dc3a2a25
2466,arithmetic/fractions,near_template_mixed_answers,e14511ee6081dfad,e14511ee6081dfad,4d1945168fed6752
2483,other,near_template_mixed_answers,da98b5b1af0a5262,da98b5b1af0a5262,3fc98f4651ad90cc
2488,other,near_template_mixed_answers,ee2ca792576ac121,ee2ca792576ac121,321874d5bb6ce6c9
2506,English grammar,category_edge_sample,1cd3f2dcac578c26,1cd3f2dcac578c26,1cd3f2dcac578c26
2508,arithmetic/fractions,near_template_mixed_answers,26eae024828097cf,26eae024828097cf,74a2b69adc3932d2
2511,chemistry balancing,category_edge_sample,207d22c56ce3da02,207d22c56ce3da02,207d22c56ce3da02
2514,other,near_template_mixed_answers,3df8c75c9de8dfd3,3df8c75c9de8dfd3,f87da68cacc27fa5
2522,arithmetic/fractions,near_template_mixed_answers,deb1dec5ffa47649,deb1dec5ffa47649,0ac59b791decec5c
2526,arithmetic/fractions,near_template_mixed_answers,57b5a5bba687d4f3,57b5a5bba687d4f3,8b82a5d42118d400
2534,arithmetic/fractions,near_template_mixed_answers,62484d10eb047fe3,62484d10eb047fe3,8a1c5a4c5981ff81
2540,history/geography/biology,category_edge_sample,292ccdadd50c8299,292ccdadd50c8299,292ccdadd50c8299
2554,Russian morphology,near_template_mixed_answers,f040aa124e2cd228,f040aa124e2cd228,dc40a1988570fdc1
2576,other,near_template_mixed_answers,c70f4221ca979084,c70f4221ca979084,31c7916a65c0ffa7
2581,arithmetic/fractions,near_template_mixed_answers,8f535aa5513e567f,8f535aa5513e567f,58567c53a9ce834d
2594,arithmetic/fractions,near_template_mixed_answers,2294bb497e9516a8,2294bb497e9516a8,5e40d14df14379e4
2608,other,near_template_mixed_answers,24e1667b330f1098,24e1667b330f1098,b6736b78e18f9af4
2610,other,near_template_mixed_answers,840e6c08b5d12b62,840e6c08b5d12b62,321874d5bb6ce6c9
2612,literature/essay,category_edge_sample,c7c1a8c01a9ffb5e,c7c1a8c01a9ffb5e,c7c1a8c01a9ffb5e
2620,Russian grammar,near_template_mixed_answers,d783bdc54dc4efcb,d783bdc54dc4efcb,0e26f3e3a5a5dc8d
2623,arithmetic/fractions,near_template_mixed_answers,21b9c2f7be20c67c,21b9c2f7be20c67c,90affafafcc92edc
2641,other,near_template_mixed_answers,536310e78fe04b9e,536310e78fe04b9e,2a0c8e31d396e935
2644,Russian morphology,near_template_mixed_answers,db6fbb25a5277579,db6fbb25a5277579,c42d31449a4b9abb
2649,other,near_template_mixed_answers,3a2ec6d9f1626d64,3a2ec6d9f1626d64,da046a83699c6ce9
2654,Russian morphology,near_template_mixed_answers,8cd0113f845f4e04,8cd0113f845f4e04,dc40a1988570fdc1
2669,Russian morphology,near_template_mixed_answers,6123822c821296ac,6123822c821296ac,96ce20c7ac9d30bd
2693,other,near_template_mixed_answers,6f31eba717a42947,6f31eba717a42947,b4f0f37c206c24ef
2695,other,near_template_mixed_answers,b7cbd37cf785316d,b7cbd37cf785316d,321874d5bb6ce6c9
2708,arithmetic/fractions,near_template_mixed_answers,b15bdb68b2e8c5c7,b15bdb68b2e8c5c7,f88618fd0fc36de2
2714,other,near_template_mixed_answers,ec5c367868c682fd,ec5c367868c682fd,b6736b78e18f9af4
2738,chemistry balancing,category_edge_sample,ab964b0b28e44529,ab964b0b28e44529,ab964b0b28e44529
2756,literature/essay,near_template_mixed_answers,88538b8bd87bc57a,88538b8bd87bc57a,9ff84d9d5b9d1d80
2788,Russian morphology,near_template_mixed_answers,212cdb57eddf6c10,212cdb57eddf6c10,867ca0c3902c6a64
2792,Russian morphology,near_template_mixed_answers,99077f53c239157e,99077f53c239157e,867ca0c3902c6a64
2846,other,near_template_mixed_answers,cb56d98856a09c59,cb56d98856a09c59,439202e46575a58c
2850,Russian morphology,near_template_mixed_answers,60892972d471eb9f,60892972d471eb9f,dc40a1988570fdc1
2869,arithmetic/fractions,near_template_mixed_answers,6373f2547699e665,6373f2547699e665,f88618fd0fc36de2
2907,Russian grammar,category_edge_sample,10dffe65143e9a60,ac0f47f42bf4dd76,10dffe65143e9a60
2928,other,near_template_mixed_answers,d61551be3c5bfcbe,d61551be3c5bfcbe,ac961a0dcd1f8e68
2959,Russian morphology,near_template_mixed_answers,08e5cd923ea948bc,08e5cd923ea948bc,dc40a1988570fdc1
2971,Russian morphology,near_template_mixed_answers,1425c8138473d181,1425c8138473d181,39468c00cf015ab5
2976,other,near_template_mixed_answers,7d58fde71606522c,7d58fde71606522c,b4f0f37c206c24ef
2984,arithmetic/fractions,near_template_mixed_answers,f0c92e1c703abc94,f0c92e1c703abc94,5e342f4bd622e6a0
2987,arithmetic/fractions,near_template_mixed_answers,f50d928af4f7e706,f50d928af4f7e706,40f0d3261af1fc06
2989,arithmetic/fractions,near_template_mixed_answers,b5ca1fe2a4ecd818,b5ca1fe2a4ecd818,6840c83b037dc692
2994,Russian morphology,near_template_mixed_answers,4f48bf11ff7f05d5,9082275f44a68bae,867ca0c3902c6a64
2999,chemistry explanation,category_edge_sample,114b097ba41f8a78,42922ac92f226ff9,114b097ba41f8a78
3069,arithmetic/fractions,near_template_mixed_answers,f5b0aa04bfd81f78,f5b0aa04bfd81f78,48c54b592ef18476
3083,other,near_template_mixed_answers,0a2945029f5fe4d3,0a2945029f5fe4d3,b4f0f37c206c24ef
3089,English grammar,category_edge_sample,1514565a177150e6,1514565a177150e6,1514565a177150e6
3102,arithmetic/fractions,near_template_mixed_answers,1b1e09d78c548549,1b1e09d78c548549,8b82a5d42118d400
3113,other,near_template_mixed_answers,d5643e620175febe,d5643e620175febe,b4f0f37c206c24ef
3130,arithmetic/fractions,near_template_mixed_answers,378c4c106e134905,378c4c106e134905,badaf807c0ba820b
3135,arithmetic/fractions,near_template_mixed_answers,a86ab84bd4c2329d,a86ab84bd4c2329d,74a2b69adc3932d2
3141,other,near_template_mixed_answers,a3bfbd06be76d51e,a3bfbd06be76d51e,3fc98f4651ad90cc
3146,other,near_template_mixed_answers,5d2eb472cfa92e32,5d2eb472cfa92e32,3fc98f4651ad90cc
3149,other,near_template_mixed_answers,b0760cf486492c76,b0760cf486492c76,247d6ec98c02f6b7
3160,other,near_template_mixed_answers,9f1d4baae8a0397e,9f1d4baae8a0397e,2b795464fc03183e
3161,arithmetic/fractions,near_template_mixed_answers,c080ca94d7d10e41,c080ca94d7d10e41,0e5f00f662ea6ffd
3163,Russian grammar,near_template_mixed_answers,1d3b919061531b3f,1d3b919061531b3f,45631af72c44726e
3191,Russian morphology,near_template_mixed_answers,20ca3b3017ee03e2,20ca3b3017ee03e2,39468c00cf015ab5
3202,other,near_template_mixed_answers,192c0fdd19d7a2b1,192c0fdd19d7a2b1,b4f0f37c206c24ef
3224,Russian morphology,near_template_mixed_answers,ddcc42fec7ee3108,ddcc42fec7ee3108,dc40a1988570fdc1
3229,other,near_template_mixed_answers,db6b3ecb8d4b69c5,db6b3ecb8d4b69c5,5ce4bbf98f14f6fc
3233,chemistry explanation,category_edge_sample,f917fa79e5259fea,f917fa79e5259fea,f917fa79e5259fea
3244,literature/essay,near_template_mixed_answers,76db2399e203d59f,76db2399e203d59f,9ff84d9d5b9d1d80
3266,literature/essay,near_template_mixed_answers,5a277a2768bd85d2,5a277a2768bd85d2,9ff84d9d5b9d1d80
3267,history/geography/biology,category_edge_sample,ee0e13d6cf41f3a4,ee0e13d6cf41f3a4,ee0e13d6cf41f3a4
3277,arithmetic/fractions,near_template_mixed_answers,f02879f7831fa8f6,f02879f7831fa8f6,4d1945168fed6752
3278,arithmetic/fractions,near_template_mixed_answers,fa1e952717517c27,fa1e952717517c27,f88618fd0fc36de2
3282,translation,category_edge_sample,7bf6d127c24ad2f1,49c77f61aeb064f3,7bf6d127c24ad2f1
3290,literature/essay,near_template_mixed_answers,fa6ab3b52af2d469,fa6ab3b52af2d469,014123ee6b6ab03b
3294,Russian morphology,category_edge_sample,eeb9c4cfdb0b0580,eeb9c4cfdb0b0580,eeb9c4cfdb0b0580
3295,other,near_template_mixed_answers,4c637acbb619cb9f,4c637acbb619cb9f,fc2d188f61822925
3296,Russian grammar,category_edge_sample,90612d98ab7a9495,2133dc96ea3ed4f3,90612d98ab7a9495
3307,geometry,category_edge_sample,4d7c451fc8af7d6e,c7c7652815acf867,4d7c451fc8af7d6e
3314,other,near_template_mixed_answers,7025aabd80496517,7025aabd80496517,4b069d523c43fe6e
3316,Russian morphology,near_template_mixed_answers,4e978c313516435d,4e978c313516435d,7a2a57328bcabf8d
3336,other,near_template_mixed_answers,3ff60aefd8ab6cf7,3ff60aefd8ab6cf7,2a0c8e31d396e935
3358,arithmetic/fractions,near_template_mixed_answers,71709b64b226130d,71709b64b226130d,310ef0f9fe56920f
3375,other,near_template_mixed_answers,66efe278aa9378f4,66efe278aa9378f4,321874d5bb6ce6c9
3380,other,near_template_mixed_answers,64c693ae03f46adc,64c693ae03f46adc,31c7916a65c0ffa7
3384,other,near_template_mixed_answers,5d9d879f153af009,5d9d879f153af009,0c252baee0dcd6d4
3406,other,near_template_mixed_answers,5bd1c1500f846f19,3a127fc200d937bb,3fc98f4651ad90cc
3423,arithmetic/fractions,near_template_mixed_answers,b82bb5f6114b93b4,b82bb5f6114b93b4,4e563a9f3517db05
3464,other,near_template_mixed_answers,7d1a181fdc638927,7d1a181fdc638927,bb4895707db1fc56
3473,Russian morphology,near_template_mixed_answers,0c0caa23a0b8ca94,0c0caa23a0b8ca94,dc40a1988570fdc1
3493,other,near_template_mixed_answers,e86ae9ac125d1216,e86ae9ac125d1216,0c252baee0dcd6d4
3509,arithmetic/fractions,near_template_mixed_answers,fc4dec17796f683c,fc4dec17796f683c,1527ab1a401a6f7b
3511,arithmetic/fractions,near_template_mixed_answers,2e6d6e557623ceed,2e6d6e557623ceed,0e5f00f662ea6ffd
3537,arithmetic/fractions,near_template_mixed_answers,3bc50b1e018111c1,3bc50b1e018111c1,f88618fd0fc36de2
3551,Russian morphology,near_template_mixed_answers,8e5f2ef801c7c6ba,8e5f2ef801c7c6ba,867ca0c3902c6a64
3588,chemistry balancing,category_edge_sample,15138979adfc0156,15138979adfc0156,15138979adfc0156
3592,other,near_template_mixed_answers,28769fc707c4c46b,28769fc707c4c46b,746546f33e09be7e
3599,Russian morphology,near_template_mixed_answers,bd7df6ba25717fee,bd7df6ba25717fee,867ca0c3902c6a64
3632,arithmetic/fractions,near_template_mixed_answers,494cc45c450d1391,494cc45c450d1391,0ac59b791decec5c
3647,Russian morphology,near_template_mixed_answers,d9d453e1df320422,d9d453e1df320422,c42d31449a4b9abb
3652,Russian grammar,near_template_mixed_answers,0fedb689601637c5,3830ce3059a49829,4431a66711ff5f85
3668,other,near_template_mixed_answers,4877df9775739944,4877df9775739944,3fc98f4651ad90cc
3732,other,near_template_mixed_answers,de0ec0d0c6637fba,de0ec0d0c6637fba,bb4895707db1fc56
3755,literature/essay,near_template_mixed_answers,9425e1ac8bbef233,9425e1ac8bbef233,9ff84d9d5b9d1d80
3757,literature/essay,near_template_mixed_answers,c9549e5a3f531ddc,c9549e5a3f531ddc,9ff84d9d5b9d1d80
3764,arithmetic/fractions,near_template_mixed_answers,7d2c2d3cda5528b3,7d2c2d3cda5528b3,4d1945168fed6752
3765,other,near_template_mixed_answers,ef1787eb99baaea7,ef1787eb99baaea7,3fc98f4651ad90cc
3773,literature/essay,near_template_mixed_answers,802de2650531c874,802de2650531c874,9ff84d9d5b9d1d80
3774,Russian morphology,near_template_mixed_answers,e8087653d5d00f4f,e8087653d5d00f4f,dc40a1988570fdc1
3781,Russian grammar,category_edge_sample,15c77f70d8d263ad,b510224da9b4559e,15c77f70d8d263ad
3790,other,near_template_mixed_answers,a99ed9dd294e631d,a99ed9dd294e631d,2a0c8e31d396e935
3792,other,near_template_mixed_answers,86e717f0868d6461,86e717f0868d6461,ac961a0dcd1f8e68
3795,other,near_template_mixed_answers,6950c1cebdebdcb4,6950c1cebdebdcb4,3fc98f4651ad90cc
3802,Russian grammar,near_template_mixed_answers,c9403bc7795b3ad2,c9403bc7795b3ad2,2d3bb209abb2b599
3806,arithmetic/fractions,near_template_mixed_answers,20a51af190793f8c,20a51af190793f8c,0ac59b791decec5c
3812,Russian morphology,category_edge_sample,d121cd081e8a13c6,1489ce1364bb774d,d121cd081e8a13c6
3816,geometry,category_edge_sample,a7d26b52d7426b90,a7d26b52d7426b90,a7d26b52d7426b90
3819,other,near_template_mixed_answers,78277b4871c385ea,78277b4871c385ea,3fc98f4651ad90cc
3862,arithmetic/fractions,near_template_mixed_answers,0322a58f3c8f7edd,0322a58f3c8f7edd,4d1945168fed6752
3867,literature/essay,near_template_mixed_answers,1fac30527cfe22fa,1fac30527cfe22fa,9ff84d9d5b9d1d80
3881,arithmetic/fractions,near_template_mixed_answers,25a219f4ca59b10a,25a219f4ca59b10a,99c28e6c96a75a87
3889,Russian morphology,near_template_mixed_answers,246d19878299ac57,246d19878299ac57,af828790cef56a00
3915,other,near_template_mixed_answers,22acc78f87eb244d,22acc78f87eb244d,082026cf1474885f
3918,arithmetic/fractions,near_template_mixed_answers,41fc1637d229a77c,41fc1637d229a77c,8b82a5d42118d400
3928,chemistry explanation,category_edge_sample,a3591f4cb108224e,463015b68d10711e,a3591f4cb108224e
3934,literature/essay,near_template_mixed_answers,f202146023453bbe,f202146023453bbe,9ff84d9d5b9d1d80
3940,arithmetic/fractions,category_edge_sample,c423a140d01d3570,c423a140d01d3570,c423a140d01d3570
3944,arithmetic/fractions,near_template_mixed_answers,b38c413e2d260540,b38c413e2d260540,ac89219fc4e43511
3947,arithmetic/fractions,near_template_mixed_answers,1e89e6193ee626f7,1e89e6193ee626f7,9f9bb7bf27cbec3a
3962,arithmetic/fractions,category_edge_sample,aab5608ec49e0c01,aab5608ec49e0c01,aab5608ec49e0c01
3968,word problems,near_template_mixed_answers,4d6f26bfbc7eb6c0,4d6f26bfbc7eb6c0,0f8dc36acda341c7
3970,algebra/equations,category_edge_sample,974158f9a0ba3a2c,974158f9a0ba3a2c,974158f9a0ba3a2c
3990,other,near_template_mixed_answers,ec8c61e3e67eadbf,ec8c61e3e67eadbf,b6736b78e18f9af4
4008,literature/essay,near_template_mixed_answers,66bf7893ac3f7510,66bf7893ac3f7510,600c7507df19aa90
4025,arithmetic/fractions,near_template_mixed_answers,6e606b75f47a58d8,6e606b75f47a58d8,99c28e6c96a75a87
4034,arithmetic/fractions,near_template_mixed_answers,8af13bab60dc7d45,8af13bab60dc7d45,58c400d183900705
4062,arithmetic/fractions,near_template_mixed_answers,0847963d56e19b90,0847963d56e19b90,8b91fca31d1202e8
4067,algebra/equations,near_template_mixed_answers,6580dd64e12ac977,5144be5a5724fcb1,c53d6a76d2df2ffd
4092,arithmetic/fractions,near_template_mixed_answers,a19a9eaf862904e2,a19a9eaf862904e2,8ed9344149c9779f
4118,other,near_template_mixed_answers,f39b05555a9147f9,f39b05555a9147f9,3fc98f4651ad90cc
4135,Russian morphology,near_template_mixed_answers,4588624c9b7cc6de,4588624c9b7cc6de,39468c00cf015ab5
4136,other,near_template_mixed_answers,89b3d27f3e6cacc5,89b3d27f3e6cacc5,7820b60ef05a72e2
4140,literature/essay,near_template_mixed_answers,5bded7b17c4c813f,5bded7b17c4c813f,9ff84d9d5b9d1d80
4150,other,near_template_mixed_answers,b7f8a0783eb99142,b7f8a0783eb99142,247d6ec98c02f6b7
4168,other,near_template_mixed_answers,768bdeb4cf7f8128,768bdeb4cf7f8128,afb8f86909027673
4173,Russian grammar,near_template_mixed_answers,7c90f1dd3e76ea6d,7c90f1dd3e76ea6d,4431a66711ff5f85
4182,Russian morphology,category_edge_sample,594f59b1d3248fd1,3ca987498ac8f858,594f59b1d3248fd1
4188,Russian grammar,near_template_mixed_answers,6b5f9c4dca383943,6b5f9c4dca383943,6374bb796fb8b175
4195,arithmetic/fractions,near_template_mixed_answers,634f6a8a3085536e,634f6a8a3085536e,31c7916a65c0ffa7
4201,literature/essay,near_template_mixed_answers,b7b6f9a1e9511439,da0752b60acf01e6,9ff84d9d5b9d1d80
4205,chemistry explanation,category_edge_sample,92ee75717c41d618,92ee75717c41d618,92ee75717c41d618
4212,other,near_template_mixed_answers,5312b66cc4f8f88e,5312b66cc4f8f88e,afb8f86909027673
4232,other,near_template_mixed_answers,b67fa52a87a18acf,30a5019c9875b591,b4f0f37c206c24ef
4251,other,near_template_mixed_answers,aecbd50a184cd2ff,aecbd50a184cd2ff,34e29e3d2574d8ce
4267,Russian morphology,near_template_mixed_answers,f66d73de105c900f,f66d73de105c900f,c42d31449a4b9abb
4272,Russian morphology,near_template_mixed_answers,e4476bd80ac32ecc,e4476bd80ac32ecc,dc40a1988570fdc1
4291,literature/essay,near_template_mixed_answers,b68d3117f70176d0,d6d7c4bc76af937f,9ff84d9d5b9d1d80
4308,arithmetic/fractions,near_template_mixed_answers,22034326bebb8e1d,22034326bebb8e1d,5e342f4bd622e6a0
4329,arithmetic/fractions,near_template_mixed_answers,cf6fd3c9f58a87be,cf6fd3c9f58a87be,374d8bc0ae7c3e49
4338,other,near_template_mixed_answers,c92f29fa28029eda,c92f29fa28029eda,b6736b78e18f9af4
4354,other,near_template_mixed_answers,1ed9344305ceb7f6,1ed9344305ceb7f6,321874d5bb6ce6c9
4374,literature/essay,category_edge_sample,5d1700120e7b27c7,ef27e587e8900d47,5d1700120e7b27c7
4376,Russian grammar,near_template_mixed_answers,60292920e9968a71,60292920e9968a71,49e4aac2aa5686dc
4382,other,near_template_mixed_answers,791c12021ef0b0fa,791c12021ef0b0fa,3fc98f4651ad90cc
4391,Russian morphology,near_template_mixed_answers,b83189213a9c1034,b83189213a9c1034,7939ef0ea1263403
4425,arithmetic/fractions,near_template_mixed_answers,47315bae6d2ffa4b,47315bae6d2ffa4b,5b0ac9ba37fafae8
4434,other,near_template_mixed_answers,16741f3e0cc49737,16741f3e0cc49737,fa341d7bb5e5dfb4
4438,arithmetic/fractions,near_template_mixed_answers,c36875f413244e39,c36875f413244e39,90affafafcc92edc
4444,arithmetic/fractions,near_template_mixed_answers,4c779c55743d13b7,4c779c55743d13b7,067652ab8e0b1551
4479,other,near_template_mixed_answers,944c063236c7ae2d,944c063236c7ae2d,4b069d523c43fe6e
4481,Russian morphology,near_template_mixed_answers,c22808c62ff5618b,c22808c62ff5618b,867ca0c3902c6a64
4496,arithmetic/fractions,near_template_mixed_answers,bf2a456800d84bfc,bf2a456800d84bfc,8b82a5d42118d400
4500,arithmetic/fractions,near_template_mixed_answers,6c2863c84880291f,6c2863c84880291f,97ca11b1c9181ce3
4502,arithmetic/fractions,near_template_mixed_answers,fa02af7c26f84d4c,fa02af7c26f84d4c,8b82a5d42118d400
4511,arithmetic/fractions,near_template_mixed_answers,6a478fbeb1e16d4c,6a478fbeb1e16d4c,90affafafcc92edc
4533,translation,category_edge_sample,a0620d41ed7cdc8d,a0620d41ed7cdc8d,a0620d41ed7cdc8d
4539,literature/essay,near_template_mixed_answers,c969fbf67a2bdf39,c969fbf67a2bdf39,9ff84d9d5b9d1d80
4566,arithmetic/fractions,near_template_mixed_answers,53f974f082dfc023,53f974f082dfc023,8b82a5d42118d400
4573,Russian morphology,near_template_mixed_answers,fdfd53378cf431a0,fdfd53378cf431a0,dc40a1988570fdc1
4581,Russian morphology,near_template_mixed_answers,fd2a285502118678,fd2a285502118678,7a2a57328bcabf8d
4582,other,near_template_mixed_answers,4f265f146fb18049,4f265f146fb18049,1e4373c216036fce
4594,Russian grammar,near_template_mixed_answers,f0d4bf33ef6aa938,f0d4bf33ef6aa938,9439560d7c8755e0
4597,arithmetic/fractions,near_template_mixed_answers,92effa4af3c8136b,92effa4af3c8136b,8b82a5d42118d400
4600,other,near_template_mixed_answers,6805e2de5d23c842,6805e2de5d23c842,13d0dd2b8fe1ded2
4628,Russian grammar,near_template_mixed_answers,b30d38a924f2ce17,c9235116fa0322a2,cc3c7b247b44db98
4637,word problems,near_template_mixed_answers,6b7b686340a1771f,6b7b686340a1771f,6aaa9b2fb9b44995
4640,other,near_template_mixed_answers,c5ce415510410f61,c5ce415510410f61,4eab343289855f61
4647,translation,near_template_mixed_answers,9a3116cba3c06758,9a3116cba3c06758,d5fe5a73a79a7c7a
4656,arithmetic/fractions,near_template_mixed_answers,7044ccf2dec5412e,7044ccf2dec5412e,13159c78bfafe864
4663,other,near_template_mixed_answers,2e5b1918275c0369,2e5b1918275c0369,3fc98f4651ad90cc
4679,algebra/equations,near_template_mixed_answers,668fcd9fcdb3445d,668fcd9fcdb3445d,72787dcb8750d4ad
4681,other,near_template_mixed_answers,4d6934908096de5e,b5b27f0cbcb9f9a4,b4f0f37c206c24ef
4744,arithmetic/fractions,near_template_mixed_answers,f6bad95ab4fcfc38,f6bad95ab4fcfc38,c3f9e70c9cae1c85
4768,arithmetic/fractions,near_template_mixed_answers,1b4c0725e541b188,1b4c0725e541b188,4d1945168fed6752
4782,Russian morphology,near_template_mixed_answers,dbff5f13be410b7d,dbff5f13be410b7d,dc40a1988570fdc1
4797,arithmetic/fractions,near_template_mixed_answers,69719c47d4375314,69719c47d4375314,374d8bc0ae7c3e49
4802,word problems,category_edge_sample,dca295a75c2a6a94,dca295a75c2a6a94,dca295a75c2a6a94
4825,other,near_template_mixed_answers,b47ffd63f38b8f3f,b47ffd63f38b8f3f,a801e6a473dae166
4835,other,near_template_mixed_answers,dfa3d0b99c9e56df,dfa3d0b99c9e56df,b4f0f37c206c24ef
4840,arithmetic/fractions,near_template_mixed_answers,c8ff6f9f09b25e6a,c8ff6f9f09b25e6a,0ac59b791decec5c
4846,other,category_edge_sample,425b2caa1b498a72,5d106595b2e07c7b,425b2caa1b498a72
4865,translation,category_edge_sample,03892318c05991ca,03892318c05991ca,03892318c05991ca
4881,literature/essay,near_template_mixed_answers,b5ec70e57be7aeec,b5ec70e57be7aeec,b975e5320c3473d9
4895,literature/essay,near_template_mixed_answers,b6e468a87a5a0099,b6e468a87a5a0099,9ff84d9d5b9d1d80
4923,other,near_template_mixed_answers,97fce4df16f0571f,97fce4df16f0571f,321874d5bb6ce6c9
4932,Russian morphology,near_template_mixed_answers,7f100dca567ff976,7f100dca567ff976,dc40a1988570fdc1
4944,translation,category_edge_sample,47d4963a42567d99,fcb35be14a6413e7,47d4963a42567d99
4968,other,near_template_mixed_answers,eed4d674acf3110d,eed4d674acf3110d,17b6f6d0536adc16
5012,literature/essay,near_template_mixed_answers,6cb8eb0d7941eaba,6cb8eb0d7941eaba,600c7507df19aa90
5013,other,near_template_mixed_answers,c09f1bcaedda995b,c09f1bcaedda995b,7c3a1d16841758fe
5035,other,near_template_mixed_answers,fdd2004d49f814a3,fdd2004d49f814a3,2a0c8e31d396e935
5038,Russian morphology,near_template_mixed_answers,b92b70cdf288243d,b92b70cdf288243d,867ca0c3902c6a64
5055,arithmetic/fractions,near_template_mixed_answers,07257ecbf499027c,07257ecbf499027c,450712c07bf5f23b
5080,geometry,category_edge_sample,d6a430dd84078d07,dd5502f772e245f8,d6a430dd84078d07
5081,other,near_template_mixed_answers,e3baebabf68fcfac,e3baebabf68fcfac,5ce4bbf98f14f6fc
5082,geometry,category_edge_sample,63aa09fb5ff9262c,63aa09fb5ff9262c,63aa09fb5ff9262c
5089,Russian morphology,near_template_mixed_answers,a9c2aa038602491c,a9c2aa038602491c,867ca0c3902c6a64
5099,other,near_template_mixed_answers,5ee31483c6d45de8,5ee31483c6d45de8,082026cf1474885f
5143,other,near_template_mixed_answers,864576dfe030805b,864576dfe030805b,d4eddc1256226e97
5146,literature/essay,near_template_mixed_answers,58e4fc8c8d4d9bee,58e4fc8c8d4d9bee,9ff84d9d5b9d1d80
5162,other,near_template_mixed_answers,99e2e37f9938a346,99e2e37f9938a346,b4f0f37c206c24ef
5167,literature/essay,category_edge_sample,bbae85f24961d27a,bbae85f24961d27a,bbae85f24961d27a
5170,history/geography/biology,category_edge_sample,10be1e834d068c87,10be1e834d068c87,10be1e834d068c87
5172,Russian morphology,near_template_mixed_answers,c7ecc803abc78141,c7ecc803abc78141,dc40a1988570fdc1
5199,arithmetic/fractions,near_template_mixed_answers,8dd3f72ec74d2b15,8dd3f72ec74d2b15,310ef0f9fe56920f
5207,Russian grammar,near_template_mixed_answers,4ffdeba683cbe6f6,053954d94284577c,0e26f3e3a5a5dc8d
5221,other,near_template_mixed_answers,5d8612ad64c49d81,5d8612ad64c49d81,b4f0f37c206c24ef
5248,Russian grammar,near_template_mixed_answers,aac027401d6d3a36,9fea78002ed34468,4431a66711ff5f85
5254,literature/essay,near_template_mixed_answers,d6fd36df76de371e,d6fd36df76de371e,9ff84d9d5b9d1d80
5260,arithmetic/fractions,near_template_mixed_answers,2ecfaf6052fdfce4,2ecfaf6052fdfce4,f88618fd0fc36de2
5278,Russian morphology,near_template_mixed_answers,f71e9507040c713e,f71e9507040c713e,dc40a1988570fdc1
5282,Russian grammar,near_template_mixed_answers,d5bd0dbcf12a99fc,d8b62cc80a79de50,965042f736c0e70f
5303,other,near_template_mixed_answers,ec7dec94f33c4e18,ec7dec94f33c4e18,3fc98f4651ad90cc
5305,literature/essay,near_template_mixed_answers,3c1165104366f158,3c1165104366f158,7f9ebdb5db09d4ff
5306,Russian morphology,near_template_mixed_answers,eed4f4e53f6cead0,eed4f4e53f6cead0,af828790cef56a00
5309,Russian morphology,category_edge_sample,e5ccd68747efd063,e5ccd68747efd063,e5ccd68747efd063
5317,arithmetic/fractions,near_template_mixed_answers,50a2993e21bc1f56,50a2993e21bc1f56,b957e7444f94f6a1
5343,other,near_template_mixed_answers,24cac6f505ceeca9,24cac6f505ceeca9,34e29e3d2574d8ce
5368,other,near_template_mixed_answers,bfa16c7bfd2f6cd1,67f14a7bbe13574d,b4f0f37c206c24ef
5370,arithmetic/fractions,near_template_mixed_answers,17a5a15417bc26ca,17a5a15417bc26ca,8b82a5d42118d400
5379,Russian morphology,near_template_mixed_answers,52adcf3794f290b8,52adcf3794f290b8,c42d31449a4b9abb
5388,other,near_template_mixed_answers,02539ded28e407aa,02539ded28e407aa,321874d5bb6ce6c9
5411,Russian morphology,near_template_mixed_answers,cbfb292cdb3fb95a,cbfb292cdb3fb95a,dc40a1988570fdc1
5447,geometry,category_edge_sample,7a4ef1899999ead0,7a4ef1899999ead0,7a4ef1899999ead0
5461,literature/essay,near_template_mixed_answers,06e3f5f04fed9a45,06e3f5f04fed9a45,8317800c828f02e3
5464,history/geography/biology,category_edge_sample,79e5cb036c2b041d,79e5cb036c2b041d,79e5cb036c2b041d
5474,arithmetic/fractions,near_template_mixed_answers,8d2617d113f049d0,8d2617d113f049d0,b7a37fedc03b72b8
5487,other,near_template_mixed_answers,65b3d9c5de91bf2f,65b3d9c5de91bf2f,31c7916a65c0ffa7
5505,arithmetic/fractions,near_template_mixed_answers,b9c1a5028a560647,b9c1a5028a560647,5ce4bbf98f14f6fc
5529,English grammar,category_edge_sample,c75d0d318b4e6cf8,c75d0d318b4e6cf8,c75d0d318b4e6cf8
5543,literature/essay,category_edge_sample,773a1df0441b214a,773a1df0441b214a,773a1df0441b214a
5551,arithmetic/fractions,near_template_mixed_answers,6eb3f11da849a894,6eb3f11da849a894,374d8bc0ae7c3e49
5567,arithmetic/fractions,near_template_mixed_answers,c4bcb148729830e1,c4bcb148729830e1,02400cb25e924e1a
5571,other,near_template_mixed_answers,ed27763fc5d4e9c3,ed27763fc5d4e9c3,321874d5bb6ce6c9
5574,literature/essay,near_template_mixed_answers,361b1e8ea510703e,361b1e8ea510703e,9ff84d9d5b9d1d80
5578,English grammar,category_edge_sample,d7cbaf66c27042c4,d7cbaf66c27042c4,d7cbaf66c27042c4
5582,Russian morphology,near_template_mixed_answers,11aaa57c35a81c93,11aaa57c35a81c93,39468c00cf015ab5
5598,algebra/equations,category_edge_sample,fb0474079698d10d,ba833f866f6f2c59,fb0474079698d10d
5605,other,near_template_mixed_answers,323864b2673ea50d,323864b2673ea50d,b4f0f37c206c24ef
5610,arithmetic/fractions,near_template_mixed_answers,1c20170860c9a6d1,1c20170860c9a6d1,40f0d3261af1fc06
5620,literature/essay,near_template_mixed_answers,1aac41a431b6c99f,1aac41a431b6c99f,e025ab9d943cbabe
5640,Russian morphology,near_template_mixed_answers,b38b2becffdffcd0,b38b2becffdffcd0,39468c00cf015ab5
5647,Russian morphology,near_template_mixed_answers,a5549321b1e30249,a5549321b1e30249,dc40a1988570fdc1
5650,word problems,category_edge_sample,4a383f8d1619b379,4a383f8d1619b379,4a383f8d1619b379
5664,arithmetic/fractions,near_template_mixed_answers,12a5dcd34b0a4a37,12a5dcd34b0a4a37,8b82a5d42118d400
5669,history/geography/biology,category_edge_sample,20c601b79196dac5,20c601b79196dac5,20c601b79196dac5
5692,other,near_template_mixed_answers,0f5023b9ec7be388,0f5023b9ec7be388,17b6f6d0536adc16
5726,other,near_template_mixed_answers,281003855b04dce2,281003855b04dce2,5ce4bbf98f14f6fc
5727,arithmetic/fractions,near_template_mixed_answers,c0363aa2e104c796,c0363aa2e104c796,0ac59b791decec5c
5731,arithmetic/fractions,near_template_mixed_answers,3a03d8ff3187c7b3,3a03d8ff3187c7b3,067652ab8e0b1551
5746,arithmetic/fractions,near_template_mixed_answers,c61c6129a8d0fa1d,c61c6129a8d0fa1d,f88618fd0fc36de2
5767,algebra/equations,near_template_mixed_answers,5eb3261815ef1d9d,5eb3261815ef1d9d,4abf59820535735e
5782,other,near_template_mixed_answers,6f2ed200632aca9e,6f2ed200632aca9e,f87da68cacc27fa5
5786,other,near_template_mixed_answers,fdc6ad8aaa8c998a,fdc6ad8aaa8c998a,b4f0f37c206c24ef
5812,Russian grammar,near_template_mixed_answers,7feb828b8d6d4bbd,7feb828b8d6d4bbd,1861d0f2bba6618e
5813,other,near_template_mixed_answers,2b5e363233ccba4b,2b5e363233ccba4b,3fc98f4651ad90cc
5819,arithmetic/fractions,near_template_mixed_answers,bf1c2d393931276b,bf1c2d393931276b,58988b9dd3c5e0ad
5830,arithmetic/fractions,category_edge_sample,c91f447ea1594bd3,c91f447ea1594bd3,c91f447ea1594bd3
5836,other,near_template_mixed_answers,43104ee20ac29a89,43104ee20ac29a89,31c7916a65c0ffa7
5838,Russian morphology,near_template_mixed_answers,31b6f2207e829030,31b6f2207e829030,dc40a1988570fdc1
5842,arithmetic/fractions,near_template_mixed_answers,d8f8b6d3b1d89cf1,d8f8b6d3b1d89cf1,f88618fd0fc36de2
5882,Russian morphology,near_template_mixed_answers,280aef0c1d519bff,280aef0c1d519bff,867ca0c3902c6a64
5958,arithmetic/fractions,near_template_mixed_answers,f52a5b49606ef1e3,f52a5b49606ef1e3,374d8bc0ae7c3e49
5959,arithmetic/fractions,near_template_mixed_answers,ec281c390e1160c5,ec281c390e1160c5,4d1945168fed6752
5970,other,near_template_mixed_answers,ccb2004309231fd1,ccb2004309231fd1,f2033f2306e7e689
6014,arithmetic/fractions,near_template_mixed_answers,699da678f59af5a1,699da678f59af5a1,40f0d3261af1fc06
6029,other,near_template_mixed_answers,34f7a005821f8965,34f7a005821f8965,2a0c8e31d396e935
6030,other,near_template_mixed_answers,c0e4f07c56c41283,c0e4f07c56c41283,321874d5bb6ce6c9
6037,other,near_template_mixed_answers,a42f9b9702b31aba,a42f9b9702b31aba,4eab343289855f61
6048,other,near_template_mixed_answers,a96a16ff7505e957,a96a16ff7505e957,b4f0f37c206c24ef
6051,word problems,category_edge_sample,c09b8cb32311fad2,c09b8cb32311fad2,c09b8cb32311fad2
6074,other,near_template_mixed_answers,3639b879d8681922,3639b879d8681922,5ce4bbf98f14f6fc
6084,other,near_template_mixed_answers,532c260070a3c9ff,532c260070a3c9ff,5ce4bbf98f14f6fc
6133,Russian morphology,near_template_mixed_answers,16bcb16a6f54459f,16bcb16a6f54459f,96ce20c7ac9d30bd
6134,arithmetic/fractions,near_template_mixed_answers,52271af994ed9b5e,52271af994ed9b5e,58c400d183900705
6161,arithmetic/fractions,near_template_mixed_answers,87b4bf62c44435c4,87b4bf62c44435c4,c3f9e70c9cae1c85
6182,arithmetic/fractions,near_template_mixed_answers,c6768eaa6278151b,c6768eaa6278151b,f88618fd0fc36de2
6205,other,near_template_mixed_answers,dd18a7e80238378c,dd18a7e80238378c,321874d5bb6ce6c9
6210,Russian morphology,near_template_mixed_answers,474c5fa871c14b83,474c5fa871c14b83,dc40a1988570fdc1
6217,Russian grammar,near_template_mixed_answers,be22e8803b366c78,be22e8803b366c78,1861d0f2bba6618e
6224,arithmetic/fractions,near_template_mixed_answers,1ffceaadd8f5e186,1ffceaadd8f5e186,58988b9dd3c5e0ad
6226,Russian morphology,near_template_mixed_answers,7dcf14495f04eeb3,7dcf14495f04eeb3,dc40a1988570fdc1
6227,other,near_template_mixed_answers,619752a2b933023b,619752a2b933023b,17b6f6d0536adc16
6234,translation,category_edge_sample,b4c1dd9618850fa1,b4c1dd9618850fa1,b4c1dd9618850fa1
6236,other,near_template_mixed_answers,f3380f160e5145f1,f3380f160e5145f1,4eab343289855f61
6254,arithmetic/fractions,near_template_mixed_answers,55dfb221db75c683,55dfb221db75c683,8b82a5d42118d400
6256,other,near_template_mixed_answers,d08b71c7f0a05387,d08b71c7f0a05387,321874d5bb6ce6c9
6259,arithmetic/fractions,near_template_mixed_answers,0c776dbd943f5f0a,0c776dbd943f5f0a,8b82a5d42118d400
6260,Russian grammar,near_template_mixed_answers,7a39b6c10ea12743,b1c25cd637ce4165,91e524bda21019bd
6261,other,near_template_mixed_answers,96982999a1f93b8c,96982999a1f93b8c,b6736b78e18f9af4
6294,Russian grammar,near_template_mixed_answers,a5c423b55e9f8630,a5c423b55e9f8630,ae23068c04ba38d6
6306,history/geography/biology,near_template_mixed_answers,724274c786736607,724274c786736607,ac961a0dcd1f8e68
6307,arithmetic/fractions,near_template_mixed_answers,da7764b130e62a2f,da7764b130e62a2f,977874eb99907979
6308,arithmetic/fractions,near_template_mixed_answers,f3d770f78838e32a,f3d770f78838e32a,8b82a5d42118d400
6321,arithmetic/fractions,near_template_mixed_answers,53777580fde3f1b1,53777580fde3f1b1,f88618fd0fc36de2
6332,Russian morphology,near_template_mixed_answers,ab8c1d880059aef4,ab8c1d880059aef4,867ca0c3902c6a64
6335,chemistry explanation,category_edge_sample,f412fdb4215574eb,f412fdb4215574eb,f412fdb4215574eb
6336,arithmetic/fractions,near_template_mixed_answers,05f575424a9898a2,05f575424a9898a2,83433d2ef6040abb
6341,other,near_template_mixed_answers,f35bc3109428cf8b,f35bc3109428cf8b,321874d5bb6ce6c9
6342,arithmetic/fractions,near_template_mixed_answers,20cb12815e448880,20cb12815e448880,58567c53a9ce834d
6352,literature/essay,near_template_mixed_answers,a5864a96b6947f02,a5864a96b6947f02,9ff84d9d5b9d1d80
6392,Russian grammar,near_template_mixed_answers,bc6f8a110071348a,bc6f8a110071348a,4e5a78d072e6f357
6452,arithmetic/fractions,near_template_mixed_answers,f91f3410c04db3f8,f91f3410c04db3f8,2bb551cd825002af
6484,arithmetic/fractions,near_template_mixed_answers,a555b8f2fe4d96ab,a555b8f2fe4d96ab,40f0d3261af1fc06
6487,Russian morphology,near_template_mixed_answers,cdbd75daf7aa3517,cdbd75daf7aa3517,dc40a1988570fdc1
6513,literature/essay,near_template_mixed_answers,40fffc0c7e26c433,40fffc0c7e26c433,9ff84d9d5b9d1d80
6519,other,near_template_mixed_answers,aca3685c4b2cc354,aca3685c4b2cc354,fc2d188f61822925
6549,other,near_template_mixed_answers,962ae7553bbb41fe,962ae7553bbb41fe,31c7916a65c0ffa7
6590,other,near_template_mixed_answers,dbc0b54d8475b245,dbc0b54d8475b245,2a0c8e31d396e935
6594,other,near_template_mixed_answers,35a6b58f0b359247,35a6b58f0b359247,b4f0f37c206c24ef
6661,Russian morphology,near_template_mixed_answers,78d84a10199190ce,78d84a10199190ce,39468c00cf015ab5
6670,arithmetic/fractions,near_template_mixed_answers,76ca7463830e2929,76ca7463830e2929,ce9df15486eef47f
6683,arithmetic/fractions,near_template_mixed_answers,a29d948025836e81,a29d948025836e81,11d2366d9089d864
6685,Russian morphology,near_template_mixed_answers,0b18c66c48db04fb,0b18c66c48db04fb,928aa72660780a72
6702,chemistry explanation,category_edge_sample,693ae37a1e8905f9,4b6463e996f36eb8,693ae37a1e8905f9
6703,Russian morphology,near_template_mixed_answers,ae6d5fbd37829932,ae6d5fbd37829932,dc40a1988570fdc1
6717,arithmetic/fractions,near_template_mixed_answers,67a1110f91a428a0,67a1110f91a428a0,25c31cf2787ad19d
6721,arithmetic/fractions,near_template_mixed_answers,c64dddd9e423ee98,c64dddd9e423ee98,0ac59b791decec5c
6727,arithmetic/fractions,near_template_mixed_answers,fc87a2644fc9248e,fc87a2644fc9248e,9f9bb7bf27cbec3a
6735,geometry,near_template_mixed_answers,2de7a5b486851b99,b6e0c318bd9953c5,b6956d5b15168d49
6749,arithmetic/fractions,near_template_mixed_answers,433817faeebc3645,433817faeebc3645,da046a83699c6ce9
6757,word problems,near_template_mixed_answers,c1a6550b38bd60ea,c1a6550b38bd60ea,1498f582cb06419e
6770,arithmetic/fractions,near_template_mixed_answers,5d43709020cfbf84,5d43709020cfbf84,2bb551cd825002af
6774,other,near_template_mixed_answers,da85744862a70f07,da85744862a70f07,31c7916a65c0ffa7
6831,arithmetic/fractions,category_edge_sample|near_template_mixed_answers,d2900050d1b41e35,d2900050d1b41e35,b957e7444f94f6a1
6835,Russian morphology,near_template_mixed_answers,301d24bffd410929,301d24bffd410929,39468c00cf015ab5
6840,Russian morphology,near_template_mixed_answers,0c42ea96684573c8,0c42ea96684573c8,867ca0c3902c6a64
6874,Russian morphology,near_template_mixed_answers,3c3306ba3352ae9f,1a5c1e9470f0469c,dc40a1988570fdc1
6892,arithmetic/fractions,near_template_mixed_answers,67fe35a410f985ed,67fe35a410f985ed,4d1945168fed6752
6894,Russian grammar,near_template_mixed_answers,e89d625d37fdb9c7,e89d625d37fdb9c7,ae23068c04ba38d6
6925,word problems,category_edge_sample,b492b6975d1f537b,b492b6975d1f537b,b492b6975d1f537b
6953,arithmetic/fractions,near_template_mixed_answers,ce854a069b2c064b,ce854a069b2c064b,48c54b592ef18476
6955,other,near_template_mixed_answers,366e604eb32dfc43,366e604eb32dfc43,31c7916a65c0ffa7
6958,arithmetic/fractions,near_template_mixed_answers,0cb7485240464508,0cb7485240464508,8b82a5d42118d400
6985,other,near_template_mixed_answers,85fed9b7ed6aa7dd,85fed9b7ed6aa7dd,3fc98f4651ad90cc
7000,other,near_template_mixed_answers,c841f18a34046f65,c841f18a34046f65,17b6f6d0536adc16
7011,arithmetic/fractions,near_template_mixed_answers,7435a3aaa50724c4,7435a3aaa50724c4,8b82a5d42118d400
7012,arithmetic/fractions,near_template_mixed_answers,3f57a919d5e50246,3f57a919d5e50246,58567c53a9ce834d
7016,arithmetic/fractions,near_template_mixed_answers,9577661ad8a73769,9577661ad8a73769,f88618fd0fc36de2
7038,other,near_template_mixed_answers,27f25204a14aa3cc,27f25204a14aa3cc,b6736b78e18f9af4
7042,literature/essay,near_template_mixed_answers,0b85dd485a3974b9,0b85dd485a3974b9,9ff84d9d5b9d1d80
7046,geometry,near_template_mixed_answers,fb94229ca7700dad,b65dcbdc09f8f2df,b4f0f37c206c24ef
7051,arithmetic/fractions,near_template_mixed_answers,b4766d9190c05627,b4766d9190c05627,4d1945168fed6752
7064,literature/essay,category_edge_sample,017cdbab942169a4,017cdbab942169a4,017cdbab942169a4
7076,arithmetic/fractions,near_template_mixed_answers,1d9fbb0e70a88cfc,1d9fbb0e70a88cfc,8b82a5d42118d400
7089,Russian grammar,category_edge_sample,35c2c2b19af0ad0a,35c2c2b19af0ad0a,35c2c2b19af0ad0a
7108,literature/essay,near_template_mixed_answers,ce63c1976eb5bd5d,ce63c1976eb5bd5d,9ff84d9d5b9d1d80
7124,Russian morphology,near_template_mixed_answers,638867c3eb8a5f2c,638867c3eb8a5f2c,dc40a1988570fdc1
7143,literature/essay,near_template_mixed_answers,4c92828f0022b372,a8b64f424d8ce0e8,e025ab9d943cbabe
7150,algebra/equations,category_edge_sample,5051352862abf22b,5051352862abf22b,5051352862abf22b
7165,literature/essay,near_template_mixed_answers,30325c4782a0d07e,30325c4782a0d07e,0a80a03e8feefb84
7184,arithmetic/fractions,near_template_mixed_answers,3b3f2e880ec593c2,3b3f2e880ec593c2,8ed9344149c9779f
7185,arithmetic/fractions,near_template_mixed_answers,d0623e412f497e63,d0623e412f497e63,90affafafcc92edc
7190,Russian morphology,near_template_mixed_answers,b3a930bb3a9cc9f2,b3a930bb3a9cc9f2,a5290d7cc0c865b5
7200,Russian morphology,near_template_mixed_answers,700a47b582106f49,700a47b582106f49,dc40a1988570fdc1
7230,literature/essay,near_template_mixed_answers,068da8c8eee580c9,068da8c8eee580c9,50e077ac64d8144f
7234,literature/essay,near_template_mixed_answers,dd5984d8726622d3,dd5984d8726622d3,9ff84d9d5b9d1d80
7236,Russian grammar,near_template_mixed_answers,c865fc81363bf328,c865fc81363bf328,4431a66711ff5f85
7243,arithmetic/fractions,near_template_mixed_answers,d4ff40d1ea5573a0,d4ff40d1ea5573a0,8821ffc2eeaa263f
7245,algebra/equations,category_edge_sample,aba2dd4dbf4d543e,aba2dd4dbf4d543e,aba2dd4dbf4d543e
7311,chemistry explanation,category_edge_sample,d6d6f342ce622ef3,d6d6f342ce622ef3,d6d6f342ce622ef3
7329,other,near_template_mixed_answers,89daa58bc5548b59,89daa58bc5548b59,321874d5bb6ce6c9
7359,arithmetic/fractions,near_template_mixed_answers,82f9a8d5b61e3cf3,82f9a8d5b61e3cf3,90affafafcc92edc
7383,arithmetic/fractions,near_template_mixed_answers,d15a9e5c2af7ad45,d15a9e5c2af7ad45,5e342f4bd622e6a0
7396,Russian morphology,near_template_mixed_answers,65c8d1c19394a9cd,65c8d1c19394a9cd,dc40a1988570fdc1
7401,arithmetic/fractions,near_template_mixed_answers,7adf2a630f486ba9,7adf2a630f486ba9,4d1945168fed6752
7413,other,category_edge_sample,2c06e81c4cdd7e2f,2c06e81c4cdd7e2f,2c06e81c4cdd7e2f
7434,other,category_edge_sample,a7c588699e4b8924,a7c588699e4b8924,a7c588699e4b8924
7449,other,near_template_mixed_answers,a2539c8fc0e703db,a2539c8fc0e703db,b4f0f37c206c24ef
7469,other,near_template_mixed_answers,150a85c8dfbb0ae7,150a85c8dfbb0ae7,746546f33e09be7e
7472,other,near_template_mixed_answers,f207154a5d95711b,f207154a5d95711b,2a0c8e31d396e935
7486,literature/essay,near_template_mixed_answers,4e34d5a257c0d724,4e34d5a257c0d724,014123ee6b6ab03b
7506,arithmetic/fractions,near_template_mixed_answers,52f60f377d770659,52f60f377d770659,4d1945168fed6752
7514,Russian morphology,near_template_mixed_answers,a203685884ddb422,0b281654c23c1751,dc40a1988570fdc1
7522,Russian morphology,near_template_mixed_answers,0c57e870c4c76919,0c57e870c4c76919,867ca0c3902c6a64
7524,arithmetic/fractions,near_template_mixed_answers,c3a5554cd0a96419,c3a5554cd0a96419,4d1945168fed6752
7541,arithmetic/fractions,near_template_mixed_answers,d974b6cbcb600271,d974b6cbcb600271,25c31cf2787ad19d
7542,other,near_template_mixed_answers,436c248835fbc34b,436c248835fbc34b,4eab343289855f61
7543,other,near_template_mixed_answers,2833ae7333e07d16,2833ae7333e07d16,321874d5bb6ce6c9
7544,other,near_template_mixed_answers,aaf8453a4d78444b,aaf8453a4d78444b,b4f0f37c206c24ef
7546,Russian morphology,near_template_mixed_answers,92f22049cd5c0d09,92f22049cd5c0d09,dc40a1988570fdc1
7558,geometry,category_edge_sample,b52bd820eae09af6,b52bd820eae09af6,b52bd820eae09af6
7563,arithmetic/fractions,category_edge_sample,d0dfc15167d561d7,d0dfc15167d561d7,d0dfc15167d561d7
7597,Russian grammar,near_template_mixed_answers,cf90248186a70cbe,cf90248186a70cbe,7764a48a043a6d53
7605,other,near_template_mixed_answers,6ce3f3f2c793cdbf,6ce3f3f2c793cdbf,d4eddc1256226e97
7608,Russian grammar,near_template_mixed_answers,d995e5f84795419e,d995e5f84795419e,0e26f3e3a5a5dc8d
7613,Russian grammar,category_edge_sample,11a4ca223e438187,90536d89a7afa248,11a4ca223e438187
7617,Russian grammar,near_template_mixed_answers,cbe8907a1a3d8c92,cbe8907a1a3d8c92,4e5a78d072e6f357
7641,arithmetic/fractions,near_template_mixed_answers,6403b8b4dc05fa3f,6403b8b4dc05fa3f,5e342f4bd622e6a0
7649,chemistry balancing,category_edge_sample,1baef641b9ea5b47,1baef641b9ea5b47,1baef641b9ea5b47
7650,other,near_template_mixed_answers,493b9b9d36f3108b,493b9b9d36f3108b,31c7916a65c0ffa7
7675,arithmetic/fractions,near_template_mixed_answers,c0032c695a072156,c0032c695a072156,dd3d44006f82ab9d
7684,Russian grammar,near_template_mixed_answers,58fb5abc89241c9a,c85129e15e4df8a1,41724ba5cc5575a0
7709,arithmetic/fractions,near_template_mixed_answers,6ae4f5301bfdb137,6ae4f5301bfdb137,2bb551cd825002af
7717,arithmetic/fractions,near_template_mixed_answers,d11703ea53f3dba4,d11703ea53f3dba4,374d8bc0ae7c3e49
7721,arithmetic/fractions,near_template_mixed_answers,298400a86bb5b0b3,298400a86bb5b0b3,374d8bc0ae7c3e49
7723,arithmetic/fractions,near_template_mixed_answers,92e65754eb82c346,92e65754eb82c346,b957e7444f94f6a1
7737,literature/essay,near_template_mixed_answers,20137a3b8aea285b,20137a3b8aea285b,600c7507df19aa90
7740,history/geography/biology,category_edge_sample,068e64d59de739ff,068e64d59de739ff,068e64d59de739ff
7744,algebra/equations,near_template_mixed_answers,800fef9088b00155,800fef9088b00155,72787dcb8750d4ad
7755,literature/essay,near_template_mixed_answers,2136dcb9da11da0f,2136dcb9da11da0f,b975e5320c3473d9
7767,translation,near_template_mixed_answers,dd3dde88f09327e9,dd3dde88f09327e9,d5fe5a73a79a7c7a
7768,arithmetic/fractions,near_template_mixed_answers,d70ed2b6fd8c8b70,d70ed2b6fd8c8b70,99c28e6c96a75a87
7777,Russian grammar,near_template_mixed_answers,00d28ba1ccc657be,5ae07ab9ed861e04,3922d7616913443b
7795,Russian morphology,near_template_mixed_answers,6cf70ee916b9efbb,6cf70ee916b9efbb,928aa72660780a72
7817,word problems,category_edge_sample,c08237b713189728,c08237b713189728,c08237b713189728
7826,Russian morphology,category_edge_sample,db0ef0e97a4b25db,db0ef0e97a4b25db,db0ef0e97a4b25db
7866,arithmetic/fractions,near_template_mixed_answers,4753aa65339d64ea,4753aa65339d64ea,5b0ac9ba37fafae8
7930,other,near_template_mixed_answers,0f0f14093fb79bf2,0f0f14093fb79bf2,99014816fe7b7aae
7939,Russian grammar,near_template_mixed_answers,7360bb62d1413584,7360bb62d1413584,49e4aac2aa5686dc
7948,arithmetic/fractions,near_template_mixed_answers,24834d1c7eb712b4,24834d1c7eb712b4,374d8bc0ae7c3e49
8006,arithmetic/fractions,near_template_mixed_answers,90e6b624acfdbf2a,90e6b624acfdbf2a,8b82a5d42118d400
8041,chemistry explanation,category_edge_sample,f2fbf711f6f190dc,f2fbf711f6f190dc,f2fbf711f6f190dc
8043,algebra/equations,category_edge_sample,d8a03c663a6a8de9,d8a03c663a6a8de9,d8a03c663a6a8de9
8074,arithmetic/fractions,near_template_mixed_answers,71aa9183b2500f7a,71aa9183b2500f7a,b7c22fa821f02791
8085,Russian morphology,near_template_mixed_answers,a480229ebde29596,a480229ebde29596,dc40a1988570fdc1
8117,other,near_template_mixed_answers,a4c0e4182b86c335,a4c0e4182b86c335,082026cf1474885f
8120,arithmetic/fractions,near_template_mixed_answers,7ff21ae03629332d,7ff21ae03629332d,374d8bc0ae7c3e49
8124,literature/essay,near_template_mixed_answers,ac4f68b97145abf9,ac4f68b97145abf9,600c7507df19aa90
8126,other,near_template_mixed_answers,c5012804af60787e,c5012804af60787e,4eab343289855f61
8152,literature/essay,near_template_mixed_answers,eaf33e5477457e49,70ffb23e2236d27a,c53d6a76d2df2ffd
8159,other,category_edge_sample,458c9b6f32fe1836,458c9b6f32fe1836,458c9b6f32fe1836
8161,other,near_template_mixed_answers,b7b6329b6327f105,b7b6329b6327f105,31c7916a65c0ffa7
8180,arithmetic/fractions,near_template_mixed_answers,f3044f5799cdc055,f3044f5799cdc055,b7a37fedc03b72b8
8195,Russian morphology,near_template_mixed_answers,754232d230ecfa1e,754232d230ecfa1e,c42d31449a4b9abb
8200,Russian grammar,near_template_mixed_answers,d2007b115b37b18d,f045b4c0bd91ac16,4e5a78d072e6f357
8208,arithmetic/fractions,near_template_mixed_answers,d7053aa71a9cc413,d7053aa71a9cc413,5b63681bba5e5757
8229,literature/essay,near_template_mixed_answers,953f8578dab75aad,953f8578dab75aad,9ff84d9d5b9d1d80
8233,other,near_template_mixed_answers,2f400a9e560bbfc2,2f400a9e560bbfc2,b4f0f37c206c24ef
8237,Russian grammar,near_template_mixed_answers,15e9bded52a6fdd8,15e9bded52a6fdd8,45631af72c44726e
8238,arithmetic/fractions,near_template_mixed_answers,ba83032f8ae326bb,ba83032f8ae326bb,90affafafcc92edc
8262,other,near_template_mixed_answers,f852a657cbc310b3,f852a657cbc310b3,321874d5bb6ce6c9
8315,arithmetic/fractions,near_template_mixed_answers,6ccec7cca67dbcc0,6ccec7cca67dbcc0,8a1c5a4c5981ff81
8319,Russian grammar,near_template_mixed_answers,62600ff78efa9eaf,62600ff78efa9eaf,64ff27e7f2cf6f14
8324,Russian morphology,near_template_mixed_answers,6329ee67411e715d,6329ee67411e715d,dc40a1988570fdc1
8327,Russian grammar,near_template_mixed_answers,74935456b2d8c0d8,74935456b2d8c0d8,965042f736c0e70f
8330,other,near_template_mixed_answers,a6e04e95f6f08291,a6e04e95f6f08291,5b63681bba5e5757
8336,literature/essay,near_template_mixed_answers,c4fce96ee0a94789,c4fce96ee0a94789,7f9ebdb5db09d4ff
8351,other,near_template_mixed_answers,cb094ffe2c490946,cb094ffe2c490946,3fc98f4651ad90cc
8354,Russian morphology,near_template_mixed_answers,8d3993b9efda6654,8d3993b9efda6654,867ca0c3902c6a64
8360,arithmetic/fractions,near_template_mixed_answers,16c71803d091f8a6,16c71803d091f8a6,5e342f4bd622e6a0
8409,arithmetic/fractions,near_template_mixed_answers,2faa5031fb57e4ce,2faa5031fb57e4ce,2bb551cd825002af
8414,other,near_template_mixed_answers,02539ded28e407aa,02539ded28e407aa,321874d5bb6ce6c9
8423,Russian morphology,near_template_mixed_answers,1edf208806ba3a91,1edf208806ba3a91,dc40a1988570fdc1
8431,Russian grammar,near_template_mixed_answers,5e99e0ed3b489c14,be6e403003c7bd1f,41724ba5cc5575a0
8432,other,near_template_mixed_answers,5c797cf07ce7a127,5c797cf07ce7a127,3fc98f4651ad90cc
8472,arithmetic/fractions,near_template_mixed_answers,0e6bb392a3e088ea,0e6bb392a3e088ea,40f0d3261af1fc06
8478,arithmetic/fractions,near_template_mixed_answers,d57e5151b934ca2b,d57e5151b934ca2b,6840c83b037dc692
8482,arithmetic/fractions,near_template_mixed_answers,93bf0e76dfbd0a2d,93bf0e76dfbd0a2d,79fea90f38dc70f9
8507,literature/essay,near_template_mixed_answers,bcf490219ae51829,bcf490219ae51829,9ff84d9d5b9d1d80
8527,history/geography/biology,category_edge_sample,a9f7a4517e793424,a9f7a4517e793424,a9f7a4517e793424
8531,arithmetic/fractions,near_template_mixed_answers,f11cb3b9ff3ff69a,f11cb3b9ff3ff69a,8b82a5d42118d400
8559,word problems,category_edge_sample,a32eefaad95d9a40,a32eefaad95d9a40,a32eefaad95d9a40
8569,Russian morphology,near_template_mixed_answers,73716e0aa4de9f30,8c8f2c3ed001a69e,39468c00cf015ab5
8583,algebra/equations,near_template_mixed_answers,cc7c0e65f24cc25f,cc7c0e65f24cc25f,4abf59820535735e
8585,arithmetic/fractions,near_template_mixed_answers,c0a231cbee2eef60,c0a231cbee2eef60,71ae4b63f1e8512b
8622,arithmetic/fractions,near_template_mixed_answers,c96b2e7c76f8d5d2,c96b2e7c76f8d5d2,cca595b41870ff87
8625,Russian grammar,near_template_mixed_answers,8ebca3df12f32ab7,8ebca3df12f32ab7,7764a48a043a6d53
8650,chemistry balancing,category_edge_sample,e10f285d2ff74016,e10f285d2ff74016,e10f285d2ff74016
8661,English grammar,category_edge_sample,bc2bb26c70a1f950,bc2bb26c70a1f950,bc2bb26c70a1f950
8674,arithmetic/fractions,near_template_mixed_answers,fa3a14bbad650b2d,fa3a14bbad650b2d,11d2366d9089d864
8681,arithmetic/fractions,near_template_mixed_answers,a2354bea133690ed,a2354bea133690ed,0ac59b791decec5c
8685,Russian grammar,near_template_mixed_answers,13021622d250eb67,13021622d250eb67,965042f736c0e70f
8686,Russian grammar,near_template_mixed_answers,e00e86dc3b5119f2,e00e86dc3b5119f2,cc3c7b247b44db98
8687,other,near_template_mixed_answers,24c7ca3e33d4b6af,24c7ca3e33d4b6af,5b63681bba5e5757
8694,arithmetic/fractions,near_template_mixed_answers,fb00256aea450fc0,fb00256aea450fc0,5b63681bba5e5757
8715,other,near_template_mixed_answers,e6da51243c48cb04,e6da51243c48cb04,fa341d7bb5e5dfb4
8751,literature/essay,near_template_mixed_answers,32ab02ad4b2f11bc,32ab02ad4b2f11bc,600c7507df19aa90
8766,other,near_template_mixed_answers,6f0512df125db73a,6f0512df125db73a,d4eddc1256226e97
8783,arithmetic/fractions,near_template_mixed_answers,eb302558725ff4bc,eb302558725ff4bc,4e563a9f3517db05
8786,Russian grammar,category_edge_sample,b64e0b223cc19a26,99c659f36f0ea817,b64e0b223cc19a26
8798,literature/essay,near_template_mixed_answers,a010111da49f27e0,a010111da49f27e0,9ff84d9d5b9d1d80
8800,Russian grammar,near_template_mixed_answers,3e692cb94c8fbef9,3e692cb94c8fbef9,64ff27e7f2cf6f14
8805,other,near_template_mixed_answers,393aa2bd8e7748ce,393aa2bd8e7748ce,321874d5bb6ce6c9
8829,other,near_template_mixed_answers,aaba9f981dec2ec0,aaba9f981dec2ec0,afb8f86909027673
8835,Russian morphology,near_template_mixed_answers,00e3ed311ac6380b,00e3ed311ac6380b,867ca0c3902c6a64
8852,geometry,category_edge_sample,2f98f7c82b15baa0,bdc0147767eced46,2f98f7c82b15baa0
8858,Russian grammar,near_template_mixed_answers,690179ea62cb99be,dae640abb9f4795a,9439560d7c8755e0
8889,translation,category_edge_sample,5b85f989fbb82ea1,5b85f989fbb82ea1,5b85f989fbb82ea1
8890,literature/essay,category_edge_sample,438644d3837f7d1f,438644d3837f7d1f,438644d3837f7d1f
8912,Russian grammar,near_template_mixed_answers,0ae17ad97eff6e2c,0ae17ad97eff6e2c,b980a65447bf69c3
8934,arithmetic/fractions,near_template_mixed_answers,9657238ad0a10e61,9657238ad0a10e61,40f0d3261af1fc06
8941,arithmetic/fractions,near_template_mixed_answers,05905b62ef05812d,05905b62ef05812d,71ae4b63f1e8512b
8943,arithmetic/fractions,near_template_mixed_answers,56b09472eb28fdea,56b09472eb28fdea,8b82a5d42118d400
8958,history/geography/biology,near_template_mixed_answers,18fca930ff9a1ae7,4a0092db028dafbb,2c720c06d42e3bc6
8965,Russian morphology,near_template_mixed_answers,aa39dfbe4ee20d2a,aa39dfbe4ee20d2a,39468c00cf015ab5
8988,other,near_template_mixed_answers,754518379e3f45be,754518379e3f45be,4eab343289855f61
8996,arithmetic/fractions,near_template_mixed_answers,631fc5af768bf8ea,631fc5af768bf8ea,40f0d3261af1fc06
9007,Russian morphology,near_template_mixed_answers,4ae116edd6e9cc36,4ae116edd6e9cc36,dc40a1988570fdc1
9043,Russian grammar,near_template_mixed_answers,f623f04aaee6e6a2,f623f04aaee6e6a2,49e4aac2aa5686dc
9050,arithmetic/fractions,near_template_mixed_answers,e32ed5283e91f267,e32ed5283e91f267,8b82a5d42118d400
9053,Russian morphology,near_template_mixed_answers,f0be39115b95b3f8,f0be39115b95b3f8,dc40a1988570fdc1
9054,other,near_template_mixed_answers,bfa3b7f209d93684,bfa3b7f209d93684,780f1533c5323631
9055,other,near_template_mixed_answers,b77ba19f5ba707d6,941f342117fae239,a801e6a473dae166
9118,arithmetic/fractions,near_template_mixed_answers,4d32a36dd8420008,4d32a36dd8420008,8b82a5d42118d400
9126,other,near_template_mixed_answers,a8f52814fa0ca69d,a8f52814fa0ca69d,321874d5bb6ce6c9
9136,Russian morphology,near_template_mixed_answers,4f60f89868756660,4f60f89868756660,a5290d7cc0c865b5
9165,arithmetic/fractions,near_template_mixed_answers,884c54db1ab0ff5b,884c54db1ab0ff5b,8b82a5d42118d400
9168,arithmetic/fractions,near_template_mixed_answers,ea8b9b10d9148acf,ea8b9b10d9148acf,8b82a5d42118d400
9176,other,near_template_mixed_answers,2f2b85095a1adeb1,2f2b85095a1adeb1,b53580a92b42e2d6
9189,Russian morphology,near_template_mixed_answers,b15672d141e3df30,b15672d141e3df30,c42d31449a4b9abb
9196,arithmetic/fractions,near_template_mixed_answers,76ac98e677e89ed8,76ac98e677e89ed8,74a2b69adc3932d2
9197,history/geography/biology,category_edge_sample,064c24755532b5d1,064c24755532b5d1,064c24755532b5d1
9213,arithmetic/fractions,near_template_mixed_answers,234f5787530f96c8,234f5787530f96c8,31c7916a65c0ffa7
9221,literature/essay,near_template_mixed_answers,157f510882b89416,157f510882b89416,a8e6322aa43a0a43
9260,literature/essay,near_template_mixed_answers,6c91ce8ab8c2c299,6c91ce8ab8c2c299,9ff84d9d5b9d1d80
9265,other,near_template_mixed_answers,b2517558767c701b,a4e99211957cc21a,b4f0f37c206c24ef
9286,arithmetic/fractions,near_template_mixed_answers,9172249cfcb7fe49,9172249cfcb7fe49,90affafafcc92edc
9310,arithmetic/fractions,near_template_mixed_answers,8fd4bc2501a0416a,8fd4bc2501a0416a,f88618fd0fc36de2
9327,Russian grammar,near_template_mixed_answers,74e7857d2f67888a,74e7857d2f67888a,2d3bb209abb2b599
9340,arithmetic/fractions,near_template_mixed_answers,0f5e45ac81b00763,0f5e45ac81b00763,90affafafcc92edc
9347,arithmetic/fractions,near_template_mixed_answers,e0b25cda5e1fae7e,e0b25cda5e1fae7e,8b82a5d42118d400
9350,translation,category_edge_sample,c68d266ed5e5e847,c68d266ed5e5e847,c68d266ed5e5e847
9361,Russian morphology,near_template_mixed_answers,920dadca3d3c07d9,920dadca3d3c07d9,dc40a1988570fdc1
9364,Russian morphology,near_template_mixed_answers,a274e791e621792d,a274e791e621792d,867ca0c3902c6a64
9378,other,near_template_mixed_answers,e13833c31720c95e,28d60db7c707d937,3fc98f4651ad90cc
9380,other,near_template_mixed_answers,bb8d272035445986,bb8d272035445986,4eab343289855f61
9392,Russian grammar,near_template_mixed_answers,ef926944d8016753,ef926944d8016753,4e5a78d072e6f357
9411,other,near_template_mixed_answers,8797a555aae4e50a,8797a555aae4e50a,27e916f37c0d27c3
9421,other,near_template_mixed_answers,e6167fc07b9a6e38,e6167fc07b9a6e38,321874d5bb6ce6c9
9451,word problems,category_edge_sample,681bd1459f4561bd,681bd1459f4561bd,681bd1459f4561bd
9461,arithmetic/fractions,near_template_mixed_answers,523868bca6e32d17,523868bca6e32d17,f88618fd0fc36de2
9463,Russian grammar,near_template_mixed_answers,4bcb172e7940e254,4bcb172e7940e254,95bb09d9a305ad86
9466,arithmetic/fractions,near_template_mixed_answers,a2b557929c03ed3b,a2b557929c03ed3b,40f0d3261af1fc06
9470,other,near_template_mixed_answers,f3123d10d14c028f,f3123d10d14c028f,3fc98f4651ad90cc
9471,other,near_template_mixed_answers,dc9cf9b93d3e9ab1,dc9cf9b93d3e9ab1,31c7916a65c0ffa7
9477,English grammar,category_edge_sample,ea43223008ec1145,ea43223008ec1145,ea43223008ec1145
9482,literature/essay,category_edge_sample,eebcae622d3b23b5,eebcae622d3b23b5,eebcae622d3b23b5
9496,arithmetic/fractions,near_template_mixed_answers,466e303c4303da7b,466e303c4303da7b,8b91fca31d1202e8
9504,Russian morphology,near_template_mixed_answers,d56de6da85a9fc1e,d56de6da85a9fc1e,dc40a1988570fdc1
9508,other,category_edge_sample|near_template_mixed_answers,941f00d1dd02e9a4,941f00d1dd02e9a4,f2033f2306e7e689
9551,Russian grammar,near_template_mixed_answers,dfb5d01b78cc7891,dfb5d01b78cc7891,965042f736c0e70f
9563,arithmetic/fractions,near_template_mixed_answers,b540e66a534f6de2,b540e66a534f6de2,1527ab1a401a6f7b
9574,other,near_template_mixed_answers,7fe12d8b046ae151,7fe12d8b046ae151,ac961a0dcd1f8e68
9577,other,near_template_mixed_answers,14d3c278d5ba2d01,14d3c278d5ba2d01,31c7916a65c0ffa7
9579,other,near_template_mixed_answers,25a9a866d39425c3,25a9a866d39425c3,3fc98f4651ad90cc
9585,other,near_template_mixed_answers,0600fa7d2bd3b5d5,0600fa7d2bd3b5d5,ae4df25123852896
9589,arithmetic/fractions,near_template_mixed_answers,d5c9791b150f4065,d5c9791b150f4065,13d0dd2b8fe1ded2
9619,history/geography/biology,near_template_mixed_answers,b777833368e275e0,b777833368e275e0,321874d5bb6ce6c9
9626,other,near_template_mixed_answers,afff9cdb073c035d,afff9cdb073c035d,99014816fe7b7aae
9634,literature/essay,near_template_mixed_answers,f8b6d06cd0e0a3ce,f8b6d06cd0e0a3ce,50e077ac64d8144f
9635,other,near_template_mixed_answers,da96ba7458620b48,da96ba7458620b48,46754727658d7e4a
9651,Russian grammar,near_template_mixed_answers,158c82141fee05f5,158c82141fee05f5,1861d0f2bba6618e
9673,arithmetic/fractions,near_template_mixed_answers,cae447ec6456117d,cae447ec6456117d,58988b9dd3c5e0ad
9681,Russian grammar,near_template_mixed_answers,c8d342d6d690d7af,c8d342d6d690d7af,d47c185ee959a13d
9690,arithmetic/fractions,near_template_mixed_answers,94b4ef11ecba34d9,94b4ef11ecba34d9,8b82a5d42118d400
9692,arithmetic/fractions,near_template_mixed_answers,9bc1897b8f32fce1,9bc1897b8f32fce1,8821ffc2eeaa263f
9711,geometry,category_edge_sample,8ebe6f23b8fef0a4,0568eed003ad2bc2,8ebe6f23b8fef0a4
9719,other,category_edge_sample,c456eda4bb8e5647,c456eda4bb8e5647,c456eda4bb8e5647
9743,Russian grammar,category_edge_sample,eaaebb0bda579b9b,eaaebb0bda579b9b,eaaebb0bda579b9b
9744,other,near_template_mixed_answers,20e33f698466a947,20e33f698466a947,1e4373c216036fce
9753,arithmetic/fractions,near_template_mixed_answers,a294abe70fa3dff2,a294abe70fa3dff2,8b82a5d42118d400
9820,other,near_template_mixed_answers,19827a8b9b20e64f,19827a8b9b20e64f,321874d5bb6ce6c9
9834,Russian morphology,near_template_mixed_answers,764a1c8fe181e337,764a1c8fe181e337,867ca0c3902c6a64
9863,literature/essay,near_template_mixed_answers,0c7af9c435046622,0c7af9c435046622,0a80a03e8feefb84
9883,literature/essay,near_template_mixed_answers,eff59be0b4c37a02,eff59be0b4c37a02,9ff84d9d5b9d1d80
9913,arithmetic/fractions,near_template_mixed_answers,e1d45c83a4274b89,e1d45c83a4274b89,744fd87080294914
9927,literature/essay,near_template_mixed_answers,a47bc33d7399c8ff,a47bc33d7399c8ff,9ff84d9d5b9d1d80
9951,other,near_template_mixed_answers,7a4fd80323c73517,16ed9aeb25dfa7c4,2c720c06d42e3bc6
9961,literature/essay,near_template_mixed_answers,ccdcfed282aee272,ccdcfed282aee272,a8e6322aa43a0a43
9980,literature/essay,near_template_mixed_answers,ce4c184736ad9716,ce4c184736ad9716,9ff84d9d5b9d1d80
